name,url,focus,category
Wellfound,https://wellfound.com/jobs,"Top platform for startup hiring. Strong selection of remote/hybrid data analyst, BI engineer, and analytics roles at early to mid-stage tech companies.",remote_portal
Jobspresso,https://jobspresso.co/remote-work/,"Curated remote job board with strong tech focus. Good listings for data analysts, marketing analytics, and BI roles from distributed companies.",remote_portal
Working Nomads,https://www.workingnomads.com/jobs,"Features a dedicated data category. Regularly posts remote data engineering, BI, development, and data science positions.",remote_portal
Toptal,https://www.toptal.com/careers,"Elite freelance/consulting network. Ideal for experienced BI consultants, data architects, and Tableau/Power BI experts seeking high-paying contracts.",remote_portal
The Muse,https://www.themuse.com/search?searchType=jobs,Corporate job listings with in-depth company culture profiles. Good for hybrid/remote BI and product analytics roles in established firms.,remote_portal
RemoteOK,https://remoteok.com/,"One of the largest remote boards. Highly active data section with product analytics, data science, and metrics reporting roles.",remote_portal
We Work Remotely,https://weworkremotely.com/,"Premier remote job community. Strong ""Data"" category with high-quality positions from stable, fully remote tech companies.",remote_portal
FlexJobs,https://www.flexjobs.com/,"Vetted subscription-based board. Excellent for legitimate hybrid/remote corporate financial analyst, BI manager, and analyst roles.",remote_portal
JustRemote,https://justremote.co/remote-jobs,"Focuses on hidden or overlapping remote opportunities. Consistent volume of product analytics, growth marketing analytics, and data operations roles.",remote_portal
Jobgether,https://jobgether.com/remote-jobs/anywhere,Algorithmic aggregator of global flexible roles. Strong for international remote BI and analytics engineer positions.,remote_portal
Remote.co,https://remote.co/remote-jobs,"Hand-curated remote board. Data analytics section often features corporate, healthcare, and operational reporting roles.",remote_portal
Skip The Drive,https://www.skipthedrive.com/job-category/remote-analyst-jobs/,"Free remote job search engine. Clean categorization and filtering for database, BI, and business analyst titles.",remote_portal
Virtual Vocations,https://www.virtualvocations.com/jobs?search=analyst,"Vetted remote board. Strong in healthcare analytics, insurance BI, and financial reporting positions.",remote_portal
Himalayas,https://himalayas.app/jobs,"Modern remote board with detailed company insights. Excellent filtering by tech stack (SQL, Tableau, Python, Snowflake, etc.).",remote_portal
Lensa,https://lensa.com/talent/job-opportunities,Large-scale AI-powered aggregator. Matches resumes against thousands of corporate BI and data analyst vacancies (filter for remote).,remote_portal
Freelance Writing,https://www.freelancewriting.com/writer-jobs/,"Niche board for freelance writing. Useful for monetizing data expertise via technical analytics case studies, whitepapers, and reports.",remote_portal
Workew,https://workew.com/remote-jobs/,"Digital nomad/remote tech board. Solid filters for incoming remote BI, data tracking, and analytics positions.",remote_portal
Remote.com,https://remote.com/openings,HR Tech,remote_portal