name,url,focus,category
Wellfound,https://wellfound.com/,Top platform for startup hiring. Ideal for early to mid stage tech companies looking for agile data analysts or BI engineers.,remote_portal
Jobspresso,https://jobspresso.co/,Curated tech heavy remote board. Specialized data analyst, marketing analytics, BI roles from fully distributed international companies.,remote_portal
Working Nomads,https://www.workingnomads.com/jobs,Features a dedicated data category. Regularly lists remote data engineering, BI development, and data science positions.,remote_portal
Remote4me,https://remote4me.com/,Aggregator designed to simplify remote job hunting. Gathers and filters tech and data analysis roles from multiple external networks.,remote_portal
Toptal,https://www.toptal.com/,Elite freelance network. Connects highly experienced BI consultants, data architects, Tableau/Power BI experts with high paying enterprise contracts.,remote_portal
The Muse,https://www.themuse.com/,Corporate job listings paired with deep company culture profiles. Hybrid or remote corporate BI and product analytics roles in established firms.,remote_portal
RemoteOK,https://remoteok.com/,One of the largest remote boards. Highly active data section filled with product analytics, data science, and metrics reporting roles.,remote_portal
We Work Remotely,https://weworkremotely.com/,Premier remote community. Data science and analytics category contains top tier positions from stable, fully remote tech companies.,remote_portal
FlexJobs,https://www.flexjobs.com/,Highly vetted subscription based board. Legitimate hybrid and remote corporate financial analyst or BI manager roles.,remote_portal
JustRemote,https://justremote.co/,Focuses on overlapping or hidden remote jobs. Consistent volume of product analytics, growth marketing analytics, and data operations listings.,remote_portal
Still Hiring Today,https://stillhiring.today/,Live tracker aggregating companies actively issuing offers. Helps target data roles at companies with active, approved budgets.,remote_portal
Wiseful,https://wiseful.co/,Career platform focusing on curated matching. Tracks specific company lists and matches data talent directly with tech companies.,remote_portal
Jobgether,https://jobgether.com/,Algorithmic curation to aggregate global flexible work. Excellent index for international remote BI and analytics engineer listings.,remote_portal
Underdog.io,https://underdog.io/,Curated marketplace for top tier tech startups. Fast tracks data professionals' profiles directly to hiring managers.,remote_portal
Remote.co,https://remote.co/,Hand curated remote board. Data analytics section frequently highlights corporate, healthcare, and specialty operational reporting roles.,remote_portal
Skip The Drive,https://www.skipthedrive.com/,Free remote job search engine. Categorizes entries cleanly, allowing direct filtering for database, BI, and business analyst titles.,remote_portal
Remotive,https://remotive.com/,Highly active remote tech community. Robust data specific job board covering analytics, data warehousing, and BI.,remote_portal
Virtual Vocations,https://www.virtualvocations.com/,Vetted remote board. Healthcare analytics, insurance BI, and financial reporting positions.,remote_portal
Himalayas,https://himalayas.app/,Modern remote job board with deep company insights. Allows precision filtering by tech stack keywords like SQL, Tableau, Python, Snowflake.,remote_portal
Lensa,https://lensa.com/,Large scale career aggregator. Uses machine learning to match resume keywords against thousands of corporate BI and data analyst vacancies.,remote_portal
Contena,https://www.contena.co/,Focused on writing professionals. Best for finding freelance technical writing gigs for data tutorials, SQL guides, data documentation.,remote_portal
Freelance Writing,https://www.freelancewriting.com/,Niche writing board. Useful for monetizing data expertise by writing technical analytics case studies, whitepapers, industry reports.,remote_portal
Lemon.io,https://lemon.io/,Vetted freelance developer platform. Relevant for analytics engineers or data engineers specializing in building backend data pipelines.,remote_portal
Authentic Jobs,https://authenticjobs.com/,Job board for creative and tech professionals. Lists product analytics, UX research analytics, digital marketing BI positions.,remote_portal
PowerToFly,https://powertofly.com/,Focuses on diversity and women in tech. Pipeline for women in data, BI engineering, and analytics management.,remote_portal
Hundred5,https://hundred5.com/,Skill assessment hiring platform. Used by modern companies to hire data professionals via short testing funnels.,remote_portal
GitHub,https://github.com/about/careers,Hub for locating open source data tool companies hiring community data analysts or analytics engineers.,remote_portal
Workew,https://workew.com/,Digital nomad and remote tech board. Standard search filters to capture incoming remote BI and data tracking positions.,remote_portal
99designs,https://99designs.com/,Design centric freelance platform. Used by data visualization experts for bespoke infographic layouts or custom dashboard UI elements.,remote_portal
Fiverr,https://fiverr.com/,Gig marketplace. Quick freelance analytics consulting, custom Excel/Google Sheets automations, Power BI/Tableau dashboards.,remote_portal
Gun.io,https://www.gun.io/,Premium freelance network for technical talent, matching senior data engineers, DBAs, and BI architects with enterprise contracts.,remote_portal
