name,ats_type,careers_url,industry,sponsorship_history,english_friendly,remote_score
ABN AMRO,official_careers,https://www.werkenbijabnamro.nl/en/vacancies,Banking,75,75,45
About You,official_careers,https://corporate.aboutyou.de/en/career/jobs,Fashion,75,85,55
adjoe,official_careers,https://adjoe.io/careers/open-positions/,AdTech,75,85,60
Airbyte,official_careers,https://airbyte.com/company/careers#open-roles,Data,80,95,80
Amazon Italia,official_careers,https://www.amazon.jobs/content/en/locations/italy,Logistics/E-commerce,30,75,75
American Express,official_careers,https://careers.americanexpress.com/en/sites/CX_1/jobs?mode=location,Finance,70,80,55
Angelini Pharma,official_careers,https://careers.angelinipharma.com/search/?createNewAlert=false&q=&optionsFacetsDD_customfield2=,Pharma/Healthcare,30,70,50
Anymind Group,official_careers,https://anymindgroup.com/career/#positions,AdTech,70,80,55
Appodeal,official_careers,https://appodeal.com/career/,AdTech,70,80,55
ASML,official_careers,https://www.asml.com/en/careers/find-your-job,Engineering,85,85,60
Audible,official_careers,https://www.audiblecareers.com/search-jobs,Media,80,85,60
Babbel,official_careers,https://jobs.babbel.com/en?size=n_3_n,EdTech,80,85,60
Barilla Group,official_careers,https://jobs.barillagroup.com/search,Food/Manufacturing,35,75,55
Bolt,official_careers,https://bolt.eu/en/careers/positions/,Mobility,75,85,60
Booking.com,official_careers,https://jobs.booking.com/booking/jobs,Travel,85,90,45
Buena,official_careers,https://buena.com/careers,PropTech,70,80,55
Bunq,official_careers,https://careers.bunq.com/positions,Fintech,80,85,60
Bynder,official_careers,https://careers.bynder.com/openings/,SaaS,75,90,70
Caeli Wind,official_careers,https://www.caeli-wind.de/karriere#stellenangebote,CleanTech,70,75,50
Cal.com,official_careers,https://cal.com/jobs,SaaS,75,95,100
Catawiki,official_careers,https://careers.tellent.com/open-positions,E-Commerce,75,85,60
Celonis,official_careers,https://careers.celonis.com/join-us/open-positions,Enterprise,80,85,60
Choco,official_careers,https://choco.com/us/careers/open-roles,Food Tech,80,85,60
ClearVue,official_careers,https://clearvue.business/careers/,BI Software,70,80,55
Conad,official_careers,https://chisiamo.conad.it/lavora-con-noi/posizioni-aperte,Retail/Supermarket,20,60,65
Coop Italia,official_careers,https://jobs.coopjobs.ch/?lang=it,Retail/Supermarket,20,60,70
Databricks,official_careers,https://www.databricks.com/company/careers/open-positions,Data/AI,85,95,75
Decathlon Italia Retail,official_careers,https://lavoraconnoi.decathlon-careers.it/it/annonces,Retail/Sports,25,70,65
Deliveroo,official_careers,https://careers.deliveroo.co.uk/join-the-team/,Food Tech,80,90,55
Deliveroo,official_careers,https://careers.detectify.com/#jobs,Cybersecurity,75,90,70
DevsData,official_careers,https://devsdata.com/careers/,Recruitment,70,80,35
Doctolib,official_careers,https://careers.doctolib.com/jobs/,HealthTech,80,85,55
Doist,official_careers,https://doist.com/careers#open-roles,Productivity,70,95,100
Dbt Labs,official_careers,https://www.getdbt.com/about-us/careers#roles,SasS,80,95,85
Elastic Sales,official_careers,https://jobs.elastic.co/jobs/department/field-operations?size=n_20_n,Search/Cloud,85,95,85
Elastic Finance,official_careers,"https://jobs.elastic.co/jobs/department/finance,-it-&-operations?size=n_20_n",Search/Cloud,85,95,85
Elastic Marketing,official_careers,https://jobs.elastic.co/jobs/department/marketing?size=n_20_n,Search/Cloud,85,95,85
Enel,official_careers,https://jobs.enel.com/en_US/careers/JobOpeningsItaly,Energy/Utilities,45,75,65
Eni,official_careers,https://www.eni.com/en-IT/careers.html,Energy,35,70,60
Esselunga,official_careers,https://esselungajob.it/go/Risultati_Ricerca/4414201/,Retail/Supermarket,20,60,65
Eurospin,official_careers,https://www.eurospin.it/posizioni-aperte-in-sede/,Retail/Supermarket,15,55,60
Exact,official_careers,https://www.exact.com/nl/werken-bij/vacatures,ERP,75,80,40
Exness,official_careers,https://www.exness-careers.com/jobs/,Fintech,75,85,65
Factorial,official_careers,https://careers.factorialhr.com/,HR Tech,75,85,65
Ferrero,official_careers,https://www.ferrerocareers.com/int/en/jobs,Food/Manufacturing,30,70,50
Flix,official_careers,https://flix.careers/jobs/,Mobility,80,85,60
Forto,official_careers,https://careers.forto.com/forto-jobs/,Logistics,75,80,55
Freeletics,official_careers,https://www.freeletics.com/en/corporate/,Health Tech,80,85,60
FS Italiane / Trenitalia,official_careers,https://fscareers.gruppofs.it/jobs.php,Transport/Logistics,25,60,55
Generali,official_careers,https://gogenerali.com/home/jobs,Insurance,25,70,60
Glovo,official_careers,https://careers.glovoapp.com/jobs-at-glovo/,Delivery,75,80,45
Harnham Germany,official_careers,https://www.harnham.com/job-search/,Recruitment,70,80,40
Hays Germany,official_careers,https://www.hays.de/jobsuche/stellenangebote-jobs/p/1?q=&e=false&pt=false&ij=false,Recruitment,70,75,35
HelloFresh,official_careers,https://careers.hellofresh.com/global/en/search-results,Food Tech,80,85,45
Highsnobiety,official_careers,https://company.highsnobiety.com/jobs,Fashion Media,70,85,60
HubSpot,official_careers,https://www.hubspot.com/careers/jobs/all?page=1,SaaS,85,95,75
Huxley Netherlands,official_careers,https://www.huxley.com/en-nl/job-search/?country=Netherlands&searchRadius=50km,Recruitment,70,85,35
Ikea Italia,official_careers,https://jobs.ikea.com/en/search-jobs?k=&l=&orgIds=22908,Retail/Furniture,25,70,60
ING,official_careers,https://careers.ing.com/en/search-jobs,Banking,80,80,50
Intesa Sanpaolo,official_careers,https://jobs.intesasanpaolo.com/search/?createNewAlert=false&q=&locationsearch=&optionsFacetsDD_facility=&optionsFacetsDD_country=&optionsFacetsDD_department=&optionsFacetsDD_customfield1=,Banking/Finance,25,65,60
Kaufland e-com,official_careers,https://kaufland-ecommerce.com/karriere/jobs/,E-Commerce,75,80,45
Kelly Services Germany,official_careers,https://careers.kellyocg.com/search,Recruitment,70,75,30
King,official_careers,https://careers.king.com/us/en/search-results,Gaming,80,90,60
Klarna,official_careers,https://jobs.deel.com/job-boards/klarna,Fintech,85,90,65
KONUX,official_careers,https://konux.com/vacancies/,Industrial IoT,75,85,45
KPN,official_careers,https://jobs.kpn.com/en/vacancies,Telecom,75,80,55
La Fosse,official_careers,https://www.lafosse.com/,Recruitment,70,85,40
Lavazza,official_careers,https://jobs.lavazza.com/search/?createNewAlert=false&q=&locationsearch=&optionsFacetsDD_country=&optionsFacetsDD_department=&optionsFacetsDD_title=,Food/Manufacturing,30,70,55
Lidl Italia,official_careers,https://lavoro.lidl.it/annunci-di-lavoro,Retail/Supermarket,20,60,65
Lightspeed,official_careers,https://www.lightspeedhq.com/careers/openings/,SaaS,80,85,65
limehome,official_careers,https://career.limehome.de/careerslimehome-tz49z,Hospitality,70,80,45
Luxottica,official_careers,https://careers.essilorluxottica.com/search/?createNewAlert=false&q=&optionsFacetsDD_country=&optionsFacetsDD_customfield1=&optionsFacetsDD_customfield2=&optionsFacetsDD_customfield3=&optionsFacetsDD_customfield4=,Fashion/Retail,40,75,55
McDonald's Italia,official_careers,https://www.mcdonalds.it/lavora-con-noi/posizioni-aperte,Hospitality/Fast Food,20,60,60
MetaQuotes,official_careers,https://www.metaquotes.net/en/company/vacancies,Fintech,75,85,60
Michael Page Germany,official_careers,https://www.michaelpage.de/jobs/compliance-analyst,Recruitment,70,80,35
Michael Page Netherlands,official_careers,https://www.michaelpage.nl/jobs/analyst,Recruitment,70,85,35
Michael Page UK,official_careers,https://www.michaelpage.co.uk/jobs/analyst,Recruitment,70,85,35
Miro,official_careers,https://miro.com/careers/open-positions/,SaaS,85,95,80
Mollie,official_careers,https://jobs.mollie.com/locations/amsterdam,Fintech,80,90,65
Morgan McKinley,official_careers,https://www.morganmckinley.com/ie/jobseekers,Recruitment,70,80,35
MSD Netherlands,official_careers,https://jobs.msd.com/gb/en/search-results?keywords=analyst,Pharma,80,90,45
NavVis,official_careers,https://www.navvis.com/company/careers#positions,3D Mapping,75,85,45
Nexthink (Germany),official_careers,https://nexthink.com/company/careers/jobs,Digital Workplace,75,85,60
Nigel Frank,official_careers,https://www.nigelfrank.com/microsoft-jobs,Recruitment,70,85,35
Notion,official_careers,https://www.notion.com/careers,Productivity,80,95,85
N26,official_careers,https://n26.com/en-eu/careers,Fintech,85,90,60
Ocado Technology,official_careers,https://careers.ocadogroup.com/jobs,Retail Tech,80,85,60
Optiver,official_careers,https://www.optiver.com/join-us/jobs/,Fintech/Trading,80,85,55
Organon,official_careers,https://jobs.organon.com/us/en/search-results,Pharma,75,80,50
Pam Panorama,official_careers,https://lavoraconnoi.gruppopam.it/negozi/regioni/lazio,Retail/Supermarket,20,60,60
Pam Panorama,official_careers,https://lavoraconnoi.gruppopam.it/sede,Retail/Supermarket,20,60,60
Personio,official_careers,https://www.personio.com/about-personio/careers/#see-our-open-roles,HR Tech,80,90,65
Picnic,official_careers,https://jobs.picnic.app/en/jobs,Food Tech,75,80,50
Pipedrive,official_careers,https://www.pipedrive.com/en/jobs/open-positions,SaaS,80,90,70
Pitch,official_careers,https://pitch.com/jobs#positions,SaaS,80,90,85
Planhat,official_careers,https://www.planhat.com/careers#open-roles,SaaS,70,90,70
Poste Italiane,official_careers,https://carriere.posteitaliane.it/en/sites/CX_3001/jobs?mode=location,Logistics/Services,25,60,70
Prada Group,official_careers,https://jobs.pradagroup.com/search/?createNewAlert=false,Fashion/Luxury,35,80,50
Quinyx,official_careers,https://careers.quinyx.com/jobs,Workforce Tech,70,85,60
reisetopia,official_careers,https://reisetopia.de/jobs/,Travel,70,85,75
Reperio Human Capital,official_careers,https://www.reperiohumancapital.com/,Recruitment,70,80,35
Retool,official_careers,https://retool.com/careers#open-positions,Developer Tools,80,95,80
Revolut,official_careers,https://www.revolut.com/careers/,Fintech,85,90,65
Robert Walters Germany,official_careers,https://www.robertwalters.de/en/jobs.html,Recruitment,70,80,35
Robert Walters Ireland,official_careers,https://www.robertwalters.ie/jobs.html,Recruitment,70,80,35
Robert Walters Netherlands,official_careers,https://www.robertwalters.nl/vacatures.html?q=,Recruitment,70,85,35
Rows,official_careers,https://www.rowspace.ai/careers,SaaS,75,90,80
SAP,official_careers,https://jobs.sap.com/search/,Enterprise,80,80,55
Scorewarrior,official_careers,https://scorewarrior.com/careers,Gaming,75,85,70
Shopify,official_careers,https://www.shopify.com/careers,E-Commerce,85,95,95
Siemens,official_careers,https://jobs.siemens.com/en_US/externaljobs/SearchJobs,Engineering,80,75,50
Sigmar Recruitment,official_careers,https://www.sigmarrecruitment.com/job-search/,Recruitment,70,80,35
Skyscanner,official_careers,https://www.skyscanner.co.in/jobs/current-jobs,Travel,80,85,60
Spendesk,official_careers,https://spendesk.jobs.personio.com,Fintech,75,85,65
Spotify,official_careers,https://www.lifeatspotify.com/jobs,Media,90,95,75
Stellantis,official_careers,https://careers.stellantis.com/job-search-results/,Automotive/Manufacturing,45,70,55
Stripe,official_careers,https://stripe.com/jobs/search,Fintech,90,95,75
SumUp,official_careers,https://www.sumup.com/careers/positions/,Fintech,85,90,60
Talentor Germany,official_careers,https://talentor.com/jobs,Recruitment,70,80,35
Teamtailor,official_careers,https://career.teamtailor.com/jobs,HR Tech,75,90,65
TIM,official_careers,https://timretailrecruiting.gruppotim.it/,Telecom,30,70,65
Understanding Recruitment,official_careers,https://www.understandingrecruitment.com/,Recruitment,70,85,35
Undutchables,official_careers,https://undutchables.nl/vacancies,Recruitment,70,85,45
UniCredit,official_careers,https://careers.unicredit.eu/,Banking/Finance,30,70,60
Veriff,official_careers,https://www.veriff.com/careers/open-positions,SaaS,75,90,65
Voi Technology,official_careers,https://careers.voi.com/jobs,Mobility,75,85,50
Wise,official_careers,https://wise.jobs/jobs,Fintech,85,95,85
